epoch,acc,loss,auc
0.0,0.8637890625,0.3779246244119012,
1.0,0.8879150390625,0.2862880672666513,
2.0,0.9019091796875,0.251109540542189,
3.0,0.8975390625,0.24937498584144283,
