epoch,acc,loss,auc
0.0,0.92502685546875,0.1877492780328112,
1.0,0.92287841796875,0.18888859604479208,
